[
	{
		"image":"family.jpg",
		"text":"Apakah anda sudah berkeluarga ?",
		"jawaban": [
			{
				"text":"Sudah",
				"score": 1
			},
			{
				"text":"Belum",
				"score": 0
			}
		]
	},

	{
		"image":"rokok.png",
		"text":"Berapa rata rata batang rokok yang anda hisap setiap harinya ?",
		"jawaban": [
			{
				"text":"0 - 5 Batang",
				"score":4
			},
			{
				"text":"5 - 10 Batang",
				"score":3
			},
			{
				"text":"10 - 15 Batang",
				"score":2
			},
			{
				"text":"> 15 Batang",
				"score":1
			}
		]
	},

	{
		"image":"money.jpg",
		"text":"Berapa rata rata uang yang anda keluarkan untuk membeli rokok setiap harinya?",
		"jawaban": [
			{
				"text":"10.000 - 15.000",
				"score":4
			},
			{
				"text":"15.000 - 20.000",
				"score":3
			},
			{
				"text":"20.000 - 25.000",
				"score":2
			},
			{
				"text":"> 25.000",
				"score":1
			}
		]
	},

	{
		"image":"refuse.jpg",
		"text":"Jika anda dilarang oleh keluarga anda membeli rokok apa yang anda lakukan ?",
		"jawaban": [
			{
				"text":"Berhenti, dan tidak membeli rokok",
				"score": 4
			},
			{
				"text":"Berhenti, namun tetap beli jika ingin merokok",
				"score": 3
			},
			{
				"text":"Diam diam merokok agar tidak ketahuan",
				"score": 2
			},
			{
				"text":"Abaikan, Tetap merokok seperti biasa",
				"score": 1
			}
		]
	},

	{
		"image":"success.jpg",
		"text":"Terima kasih telah mengisi assesment. lihat halaman assesment untuk melihat hasil",
		"jawaban": [
		]
	}
]